ufeff,Field,_,Text
신한은행,MY,CAR,KBO,리그,정규시즌,및,시범경기,일정
류현진,사이영상,경쟁자,근황
삿포로,출장갔다와서,화가난,판냐,pann
헬조선,아파트,근황
곧,개봉하는,반일국뽕영화,근황
야갤,공식만화,대결
사람이,너무,좋은,야생,칡
반일에,목숨,바친,남자
웹툰,협회,일본,불매운동,동참,선언
한일갈등,일침을,가하는,한사람
닭그네는,전승절,따라간,친중,똘마니
문,열어,이,매국노,새,X,야
자랑스런,uri,민족의,위대함을,알아보자
문재인이,거절한,일본,요구사항
념글저격,미국,일본,대한민국아,에칭가스,북한,이란에,보냈지,xa
연예인,조문,레전드
야프라이즈,하영누나,근황
미국,일본,대한민국아,에칭가스,북한,이란에,보냈지,혐의인정해라
일본,후쿠시마,쌀,유통,실태
우리애들은,어디서,뛰어놀라구욧
백종원이,홍탁집과,매일,연락하는,이유
근래,보기드문,명작,나왔다,real
류현진,레전드
류현진,사이영,상,배당률,떳다
강형욱,집에,바퀴벌레,삼
이해찬이,억울한,이유,Real
요즘,네이버,웹툰,ㄹ,황
일뽕멸망,갓동님,근황
이,시각,도쿄,한인타운,상황
오늘자,강간국,ㅗㅜㅑ
이해찬,청주,마신게,말안되는,이유
이해찬,사케사건,조국,일침,ㄷㄷ,a
토착왜구당,새,로고,나왔다,ㅋㅋㅋㅋㅋㅋㅋㅋㅋㅋㅋ
문화는,좋은데,정치는,싫다,한,남자의,일침
미국이,우려하고,있다,ㄷㄷ,일뽕,도게자
일본이,도발해도,한국이,전혀,끄덕없는,이유
손흥민,vs,류현진
오늘자,보배드림,레전드,만화,manhwa
반일애국,사이트,킹리웹,이해찬,사케에,격분
야붕이,깜짝,일반인,AV,체험,ㅗㅜㅑ
민주당이,사용하는,여론,주작프로그램,아르크,킹크랩,상위호환
남성용,리얼돌,산업이,흥할,수,없는,이유,feat,가성비충
화이트,리스트,제외,기념,올타임,시위,레전드
미국,대한민국아,오냐,오냐,할때가,좋았지,개,처,맞는거다
일베,영화게시판,레전드
강타,레전드
일베의,늙은신부,당랑거철이란,무엇인가
그린야갤,레전드
통베,간민정음,레전드
어제,MBC,뉴스데스크,메인
의식의,흐름대로,리뷰하는,블로거
시골사는,야붕이,개좆됐다
경악,살,제자,강간사건
원일희,SBS,논설위원,의병이,나라,구했냐,a
알바,피눈물,사장님,해고,사유
최연소,걸그룹,노출에,뿔난,페미들,클라스
충격,지식인,대,자살글에,답변
념글,남초커뮤니티,수사,요청,여배우,프로필
감동주의,솔져,실사판
한국인,각,세대별로,캐릭터화,정리
일베의,친구
정두언,소름,돋는점
군부대,핸드폰,안보구멍,심각
로또당첨된,세입자,돈,뺏으려는,집주인
반일,운동,근황,ㅋㅋㅋ
눈물주의,여자,야붕이의,인생
충격,요즘,페미언냐들의,년,최근,활동
여성분,보살,야카오톡,레전드
사탄,자살,친딸,성폭행,Gis,a
이제,한국,레알,ㅈ,됐다
요즘,초딩,숙제,근황
한국,여자들한테,테러당한,네델란드,누나
유부녀,눈물,남편,장난
여자들,난리,한의사,비밀
아싸들,환장,원룸,누나
주갤,펌,년,우리나라,출산율이,감소하는,이유
천조국판,나는,이쁘지않습니다
결국,우려가,현실이,되어버린,일본
대참사,최근,할리우드,PC,충,근황
실시간,개욕먹고,있는,김지석,인스타,feat,PC,충
에타에,난입한,게이
요즘,일진,유행
여고생,성추행,교사의,자살
유승준,기사,댓글성비
어떤,의사의,자살
요즘,뉴스에서,숨기는,것
친일파,후손,토착왜구를,보면,분노하는,한국인들,a
자살하기,전,한,중학생의,시간
기계체조,코치가,알려주는,어깨,넓어지는법
밀양,예수,탄생
센세,남성적이라는,단어,쓰지마,그분들,반응
요즘,여초에서,인기드라마,수준
야붕이,눈물,센세,페미코인,탑승,txt
대한민국,지폐에,숨겨진,엄청난,비밀,ㄷㄷㄷ
대식이,드디어,해방
충격적인,LGBT,근황
남친한테,미안한,오피녀
한녀들이,괴롭히던,손연재,근황
역대,머통령,필체,솔직,비교
옛날이었으면,이런일,없었는데
야붕이,깜짝,녹음실,발견
야념,배라,광고,모델,사진,모음집,ㅓㅜㅑ
갤주님,실신짤,진실
언냐들이,송중기를,까는,이유
야붕이,동남아,여자애랑,사고쳤다
조던,피터슨,히키코모리에게,일침
메갈년들,난리난,베스킨라빈스,광고
설라도,성평등,영어사전,ㅋㅋㅋ
상남자,자살시도,레전드
ㄹㅇ,;,의외,깜짝,씹상남자,야중기
속보,],배우,전미선,자살
살,여자애가,좋다고,해서,미치겠다는,살,아재
오늘,노가다,반장님,명언,지리셨다
룸빵녀,명치,뚫어,버리는,판녀
송중기,송혜교,상대방,때문에,서로,스트레스,받았다
상류층,언냐들의,성교육,실태
깜짝,그지역,`,요리,복습,시작한다
스트레스를,많이,받아,자해하는,시골개
류현진,실점한,쿠어스,필드를,알아보자
진기명기,기묘한,아웃
깜짝,윾튜브,최신,근황
볼보이,실책,ㅋㅋㅋㅋ
운현진,대폭발,무사,루,무실점
아레나도,투리런,귀쇼,리액션,ㅋㅋㅋㅋㅋㅋ
월드컵,태극전사들,출정식,현장
딸레기,좆망,ㅋㅋㅋㅋㅋ,투리런,ㅋㅋㅋㅋㅋ
만신,김성모,의외의,정치성향
만신,김성모,거품,빼고간다
울버린,딸,최근
북,군사합의,이행시,군축,군사정보,교환,가능할것
닭껍질,빌런,바이럴,해명글,떴다
서양,게임에서,한국,인지도
배달의민족,환호,요기요,본사,매각
만명이,뽑은,외국영화,명대사,TOP
오늘자,데프콘,G,패싱
쿵쾅이들,도발하는,젖큰,처자,ㅗㅜㅑ
의외로,잘,안,알려진,민주당,진짜,레전드
인생이,컨셉인,남자
수구꼴통,유사언론,좆선일보,오늘자,광고수준
김밥을,처음,본,외국인들의,반응
이건,누구잘못이냐
조선족,일뽕,들이,생각하는,한국
춘장녀,송혜교,송중기,이혼,이유,설명,ㅗㅜㅑ
갤주님,라이브,콘서트,레전드
여초에서,논란중인,딸,단톡,미참여사건
국뽕,조선족,들이,날조한,아베트럼프,풀영상,avi
세계,각국,정상,영부인
교회,선생이,초등학생,무차별,폭행,논란
실시간,G,홀대,근황
야갤,비호감,월드컵,끝판왕
나라의,중심,갓급,눈물의,효도,ㅇㅇ
진성한조새끼,만난,ss,ul
욱일기,팩트
세계,최고,스포츠,클럽
최근,개조센과,동급으로,추해진,좆본
베트남,라이따이한,팩트
후쿠시마를,갔다,런한,유튜버
인공지능,AI,시대,섹스로봇,활용도,높아질,전망
김제동,Real,스나이퍼,시절
국민,페미,지지해
홍콩,취재온,뉴욕타임즈,기자,오늘자,근황
앞으로,고연전,연세대,에브리타임
이게,KBO,다,끝내기,낫아웃,ㅋㅋ,GIF
념글,홍콩에서,발포로,중상자발생,천안문,발발직전
섬노예,사건,네티즌들,반응,레전드
속보,반란군,주식회사,실사화
타투,레전드
웃음,벨,laughingbell
태국에,완승한,미국,여자,축구,대표팀,비매너,논란
오늘자,이,나라가,망하는,이유
정준영,사건,고무통,검거
홍콩,시민들이,주의할,점
오늘자,비,와,이,인스타,근황
워마드,고유정,정당방위,사형,선고해달라,여론,맞불
국군,최악의,의문사,사건
오늘자,믿는,도끼에,발등,지지철회,직전
오늘자,마계,소총,주인,찾았다
얼굴,크기의,중요성
속보,문재인,유럽순방,근황,ㅋㅋㅋㅋㅋㅋㅋㅋㅋㅋ
비아이,다시,보면,웃음벨
야붕이,긴장,예원양,명,고소,예고,ㄹㅇ
선생님,생기부에서,페미니즘,활동기록,지워주세요,ㅠㅠ
핵붕이,근황,a
비아이,모든,방송,하차하라,팬들,성명문,촉구
박정희,위인전,깜짝
속보,여경,체력,논란,오늘자,해결방안,드디어,떴다
논란의,서울대,수능만점자,근황
김원봉,재재평가
아이스버킷,레전드
관심종자들의,심리
요즘,아이돌,굿즈,PNG
싱글벙글,예비군
조별과제,대참사
영화역사상,최고의,키스신,bes,t
그회사에서,유일하게,깨끗한,아이돌
황교익,눈물,백종원,유튜브,오픈,일차
은혜,갚은,부엉이
긴급야념요청,],급식,야붕이,대형사고쳤다
애매,누구,잘못,축의금,논란
휘호휘호,수능만점좌,씹노빠꾸,ㅋㅋ
깜짝,번역기,헬적화
속보,드디어,갓한민국이,해냈다,Jpg
이와중에,갓한민국,천조국행,해버림,ㅋㅋㅋㅋㅋㅋㅋㅋㅋ
트럼프,일본방문,경호원,클라스
속보,공익복무,요원들,지금,폭동,일어났다
자한당에서,국정원장,고발한다고함
대륙의,범인,체포방법
현대판,나치,잔혹한,인권유린
살인,뮤지션,제대
베리굿,팬들,다예,학폭,상세한,입장,표명하라
자한당,좆됨
페미니스트를,옹호한,남자의,최후
유사국가,또,한건했다,ㄹㅇ
한국,년,월,출생아수,따끈따끈한,통계신작,떴다
주인없는,개,구해줬다가,광견병걸려,사망,news
요즘,유튜브,ㅈ,같은,새끼들,원탑
은근,맞는말만,하던새끼,ㄹㅇ
말레이시아에서,UFO,뉴스,속보나옴
그지역,노예사건,또,터졌다,ㄷㄷ
헬스충,희소식,일본,원정남들,실태
신림동,성형수술
아스달,연대기,야까흥,최근,tvn,판타지,드라마,ㄹㅇ
속보,정부가,Https,차단,사이트,완화,검토한단다
유아인,디스한,의사,근황
현,시각,그,새끼,근황,news
미혼여성,빈곤률,feat,팩트폭행,xa,xa
오늘자,한국남자,인터넷에서조차,역대급,패배
신림동,강간미수범,잡힘,ㄷㄷ,news
한국남자들,깜짝,여자는,혼자살때,가장,행복해,news
미국인이,생각하는,한국의,이미지
충격,술취한,외국인,투자자,몸캠강요,ㅗㅜㅑ
홈쇼핑,누나,자괴감
한일부부,스시녀,불만,ㅗㅜㅑ
갓한민국이,또,해냈닼,ㅋㅋㅋㅋㅋㅋㅋㅋㅋㅋㅋㅋㅋㅋㅋㅋ,again
한국남자,자존심,레전드
오늘자,그,동네,어메이징
온돌난방을,본,미국인들의,반응
싱글벙글짱깨촌
뽐뿌의,불매운동
한국,욱일기,일본,인터넷,반응
야붕이들,환장,ㄷㄷㄷㄷ,요즘,오디오북,ㄹ,황
김치산,사극,어벤져스
학교폭력,가해자,레전드
통베충,ㅂㄷㅂㄷ,탈원전하니,잘나가는,원전산업,news
오늘,알바,진상손님,왔었다
특이점이,오고만,Blue,ㅇㅂ,근황
김치산,왕좌의게임,월,일,첫방송,ㄹㅇ
오늘자,한국남성이,또,해냈다
다스,버닝선도,패배,메갈의,실소유주
한국,대,vs,일본,대,차이
택시,탄,비수컷,망상,레전드,일화,ㄹㅇ
kbs,주작기사,그대로,또올림,ㅋㅋㅋㅋ
속보,와고도,숙청
오늘자,노꼴갑,기사,비수컷,댓글,ㄹㅇ
속보,펨코,사망
이분은,걸캅스,인정
속보,KBS,여경주작뉴스,유튜브,네이버,둘,다,영상내림
웃대,언론통제,좆됌
은근슬쩍,밑장빼기,하는,KBS
서울,경찰총경,공식,입장,발표
오늘자,막심,올리브,치킨,선언
이,시각,클리앙,근황
속보,KBS,에서,대림동,여경,오또케,사건,주작하다,걸림
우리는,왜,미국처럼,못함
머만,축제,대참사
한국의,사기범죄,세계,위,라는,말은,날조
동성애,합법화,머만,대비되는,진정한,중화의,주인
서율,팔굽혀펴기짤,원본
픽업아티스트식,병신개그,재평가
여경,vs,걸그룹,자존심,대결
멸치,양아치들,싸움,특징
럭키,야붕이
KDI,원장,사실상의,사직서,제출
오늘도,평화로운,한녀나라
최순실,다른,말로,바꾸라,朴,예예예,음성파일,공개
재업,김유식의,알려지지,않는,괴담
년,영화,국내,관객수,순위,TOP
업계,눈물의,호소,조용히,망해가는,시장
일본,대유행,꿀수면,자세
삭재업,여자,라고,부르면,안되는,이유,ㄹㅇ
세,소지섭,vs,세,페이커,영혼의,정장핏,대결
이수,불매운동,→,팬들,지지,성명서,발표,“,과거에,묶어,둘,수,없다,전문
벤츠타다,소나타,갈아탄,후기
갤주님,일상,다큐도,예능으로,ㄹㅇ
살이나,차이난다고
오늘,난리난,휴게소,양아치,vs,아재,현피,사건
소간지,범죄,저질렀다
속보,공익,vs,여경,자존심,강한,두,천재의,대결
상남자,박수홍,예능,업소드립,ㄹㅇ
여경만,두명,출동하면,안,되는,과학적,이유,떴다
사실,여군도,문제다,ㅋㅋ,국방부,욕먹은,사건
이번,여경,무용론에,불이,붙은,이유
현재,논란중인,법원,리얼돌,합법판결,여초,반응
년,KBS,특집다큐,화들짝
대림동,여경,논란,여경측,반박,떴다
여성,접촉,피하는,『,펜스룰,』,은,성폭력
그,시절,광우병으로부터,우리나라를,지키던,진보여성들
속보,살딸,세탁기에,가두고,패죽인,엄마,징역,년,구형
역대,전세계,영화,흥행,순위,TOP
재업요청,],우체국,년,중,첫,적자,feat,그웹
울먹이는,사나,극딜하는,그분들
강남,클럽,가고,싶은,뚱뚱한,언냐
이제보니,한두번이,아닌,회사
사나,오늘자,눈물,가해자들,반응
근데,한미일,동맹이,뭐,어쨌다고,그러냐
김웅,손석희,폭로,떴다
최첨단,장례식,ㄷㄷㄷㄷㄷㄷㄷㄷㄷ
년,월,세상을,깜짝,놀라게할,영화,개봉
동대장,대노,상근,레전드
역대,최악의,독재자,순위
라이커,몰카,추가,댓글
이제,마음놓고,민주당,지지할수,있을꺼,같다
트위터,라이터,몰카녀
키,vs,와꾸,종결,내준다,Jpg
문재인이,갑자기,친일로,전향한,이유
개꼴데,수준,번트,중전안타
DC,슈퍼스타,실버버튼,획득
현재,경찰서에서,벌어지는,시가지,전투,ㅇㅇ
대,상폐남의,픽업아티스트,대참사
그,페미,포궁좌,실시간,근황
기억력,초,사실상,금붕어
토착왜구,그만하라고,오더,내림
사나,옹호,논란,작가님,입,여셨다
제모제랑,샴푸랑,착각한,언냐
네이버,허위광고,레전드
실시간,이마트,트레이더스
야붕이,교통사고,목격했다
실시간,봄이온일본,근황,ㅋㅋㅋㅋㅋㅋ
장원영,데뷔전,미친,스케쥴
논란의,블랙박스
사나,인스타논란,그,성별,레전드
두유,노우,한국,전쟁
여자의,촉은,무조건,맞다
깜짝,실제,스포츠선수,어깨,클라스
살,여동생과의,카톡,ㅗㅜㅑ
씹도,상상초월,역대급,사건
방탄,해외,빠순이들
요즘,베트남파병,평가,real
좆소,연봉협상,특징,ㅇㅇ
네토라레,협박,부부,ㅗㅜㅑ
한국의,불교문화,감동받아,귀의한,외국인
언냐들,차전,시작한다,ㅋㅋㅋㅋㅋㅋㅋㅋㅋㅋ
ㅗㅜㅑ,다시,보는,법규형,올타임,레전드
운현진,좆망,끝내기,안탘,ㅋㅋ
페미,담당,일진,국가
류현진,이제야,우리가,그리워진거냐
메이쟈,아구창,후리는,블루투스,태그
닉값하는,운현진,오늘도,운빨,폭발
묘한,표정,지은,클롭,“,메시,킥,막을,수,없는,거야
언럭키,방탄소년단
ufeff,Field,_,Text
해외,축구,관련,사진과,내용을,올려주시기,바랍니다
확실한건,좆씹두,씨발투스는,티어임
밥풀,짭시,커실,중계,어디서해줌
좆트넘,티어,짭시티,티어
젖닌들은,절대,못하는거
패션알잇냐,가을,후드,쎄일,해서,살까,하는데,어때,살만함
안녕하세요
좆트넘은,잘쳐봐야,티어임
레알,갈락티코,개소리아님,결국,아자르하난데
맨시티,달간,무골,윙어한테,골,먹힘,ㅋㅋㅋㅋㅋ
뮌헨은,변방클럽이라는,느낌,강하지,않았냐
토트넘이,김민재,데려가는거,어떠냐
이번,메시강점기는,언제까지,갈까
와,홍대,오니즈카,타이거,사람,진짜,한명도,없네
호날두는,이제,챔스우승은,못하냐
괴체도,소추구나
클럽,티어,정리,txt,객관적
토트넘이면,티어권,충분히,드는거,맞지,ㅇㅇ
느그흥,유소영이랑,사귄건,유소영,구라였잖아
저녁,외식메뉴,추천좀,ㄱㄱ
짭시티,못해도,챔스,강은,간다
류현진,삼진은,잘잡는편이냐
근데,모드리치,발롱은,이해,안가지않냐
느그흥이,전에,방과후,멤버,유소영이랑,실제로,사겼냐,as,k
토트넘,챔결,한번,더,가면,인정함
루니,VS,살라
짭시티도,티어,쳐주기엔,강딱,아님
토트넘,아우디컵,우승했는데,티어는,되지
디발라,세레머니
티어,클럽,리버풀,바르샤,맨시티,맞음
호날두,팬방,근황,들어와서,분탕,ㄱ
케이힐,얘,살밖에,안됐는데
국뽕인데,진지하게,쿠보가,더,잘하는것같다
시티,펩,나가기전까지는,챔스우승,절대,못할것같음,ㅇㅇ
이제,누가봐도,리바맨이지
나무위키,손맘들,ㅋㅋㅋㅋ
파울로,디발라는,이름이,파울로임
개좃두가,왜,월베임
박지성,손흥민,까는,애들은,일뽕이지
류현진은,사이영상을,받느냐의,문제임
코바치치가,맞니,코바시치가,맞니
영국에서는,레바뮌이라고,부르지도,않던데,ㅋㅋ
루카쿠,유베가면,진짜,좆두,따까리,되는거임
뮌헨,챔스븅신,만든게,펩,아니냐
밖에,덥냐
이제는,레바뮌,말고,뭐냐
호날저우,vs,동팡두
진지빨고,내년,지단,챔스,강,탈락하면,좆두빨,맞는거냐
이번달,리버풀,경기,헬이네
bbc,에는,개좆두있고,ms,n,에는,네좆,메갓있는데
미국인,마인드가,존나,잘하면,지들,국내리그에서,뛰겠지임
쿠보가,월,일,레알이라,계약을,해꼬
축구도,이렇게,상남자,스포츤데
좆본,빠따도,신규유입,적어서,돼지오줌보에,비벼짐
진짜,한번도,야구,안해봄
팩트,미국,스포츠판,약물판
버기단들이,개병신,축알못인,이유는,축구를,객관적으로,못봄
미식축구하는놈들,명,데려다,축구장,뛰게하면,ㅈㄴ,개쩔듯,ㅋㅋㅋ
토트넘같은,병신팀은,챔스한번잘하면,다나가지않나
몸은,럭비선수가,제일,개쩔지않음
개축은,팩느님,하나로,정리가능
nba,가,진짜,스포츠지,ㅇㅇ
호날두,게이임
딱,축구,농구까지,스포츠,인정,ㄹㅇ
레저랑,맞짱뜨면,개쳐맞고,빌빌길,찐따스포츠,축구
미국은,스포츠가,지들,연고지팀이,nfl,몇,등하는,지가,중요하지
해축톡방,토트넘팬,레전드
요즘은,케이리그,새끼들,념글,주작,안해서,좋음
학교에서,날먹충,체육쌤들이,야구안시키고,축구만시키는,이유가,그거잖아,ㅋㅋ
미국에선,이새끼,게이취급,당함
미국인들,뉴욕,vs,LA,어디에서,살고,싶어함
빠따,팬서비스는,오푼이가,씹창낸거지
좆본은,빠따가,압도적에,그,다음이,개축
야구선수,vs,축구선수,피지컬,비교
쿠보랑,이강인보다,정우영이랑,나카무라케이토가,더,잘될거,같음
미국은,민족,자본있어서,한번,투자하면,잘하지않아
일단,개리그는,좆쓰레기리그,맞음,ㅇㅇ
이게,운동선수라고
MLB,야구는,마이너리그,팀들을,유스라기보단,위성구단,정도로,봐야하지
날강도,참교육
솔까,호날두,와꾸,재산이면,한국무시할만하지
해외축구톡방,토트넘팬,레전드
축구보는,찐따들은,야구,언급도,ㄴㄴ
그래서,니들,개리그볼거야,좆크보볼거야
유듀,빨아줬더니,움찔움찔대노
우리나라에서,인기있는,게,중요하지,외국을,왜,따짐,ㅋㅋㅋㅋㅋ
좆크보,라리가,또는,EPL,NBA,까지가,스포츠팬
미국의,위엄은,스포츠,따위가,아니지,ㅋㅋ
해외축구톡방,토트넘팬,레전드
미국,축구,흥하면,챔스보다,클럽,월드컵이,떡상할듯
걍,야구는,겜돌이,이하,라나까
젖닌들,망언,ㄷㄷ
미식축구성님들,축구했으면
결론,류현진,차범근,박지성,손흥민
열등한,개축빠들,요즘,황빠따에,열등감이,심해졌네
일본야구,역대급호황인대
야구리그가,몇개나되길래,축구랑,비비냐
MLB,평균팬연령,세,ㅋㅋㅋㅋㅋㅋㅋㅋㅋㅋㅋㅋ
본인,방금,‘,크리스티아누,호날두,’,되는,꿈꿨음,ㅋㅋㅋ
야구는,e,스포츠보다,근본떨어짐,ㄹㅇ
니네는,어디,클럽,팬이냐
지금,이워비,무시하는,새끼들도,결국,이워비,역대,원탑,찍으면
니들이,빠는,선수들,전부,~,년,후면,이워비,아래,ㅇㅇ
리버풀,vs,맨시티랑,토트넘,vs,인터밀란을,고민한다는게,말이됨,ㅋㅋ
심영물,메호대전,나왔노,ㅋㅋㅋㅋ,avi
축구,좀,볼,줄,알면,절대,무시,못하는게,이워비임,ㅇㅇ
아니,에브라,챔스,준우승,개나,잇엇네,ㅋㅋㅋㅋㅋ
이워비,무시하는,새끼들,축알못
박주영,언럭키,메시
이워비,도배글뭐냐
아마,이워비가,발롱,역대,최다,수상,갱신할,거임,ㅇㅇ
~,년,뒤면,이워비가,역대,원탑,선수,찍는,거고
당장,~,년만,지나도,EPL,내에서는,이워비가,탑,ㅇㅇ
이워비,차기,축구의,신
이워비는,아스날,유스,출신이고,본인은,아스날에,남는,것을,원함
이워비를,영입하기,위해,최선을,다하고,있으나,문제가
이미,대다수의,빅클럽들은,이워비에,주목하는,중
오늘,커뮤니티,실드,vs,icc,컵,뭐,볼꺼냐
아,참고로,개버기새끼들도,보셈,ㅇㅇ
린가드,이워비
관상은,잘,안믿는데,이강인은,얼굴,이미지랑,하는,행동이,일치하는듯,ㅋㅋ
~,년,뒤면,이워비는,역대,원탑,ㅇㅇ
전세계,축구,전문가들은,이워비에,주목하고,있음
이워비를,무시한다,그건,그냥,축알못,인증,ㅇㅇ
임예진,리즈시절
박지성도,속으론,일본,존나,좋아할거,같음
구토멸망,감독,구단위에있는,선수
이워비는,언럭키,펠레지,ㄹㅇ
손흥민의,위상
근데,인스타보면,정준영,아직,빨리고있더라
애쉴리콜,거품,없이,이,새끼는,개인수상이,너무,ㅎㅌㅊ,임
저새끼,이워비냐
축구,좀,볼,줄,알면,절대,무시,못하는게,이워비임
요즘,TV,에,나오는,아나운서들,왜,다들이쁜거임
ㅋㅋㅋㅋㅋ,아직도,이워비,무시하는,새끼들이,있네
박지성이,머리,좋은게,전라도랑,안엮일려고,노력함
근데,메시도,올림픽,금메달따긴했음
에브라,vs,애슐리,콜,누구,승
갓준영,ㅋㅋㅋㅋㅋㅋ
이피엘에서,절대,안깨질,기록
프우영,최대,포텐은,솔직히
에브라랑친구하기,vs,정준영이랑친구하기
베컴은,어디,레전드임,맨유,레알
리베리가,진짜,불쌍한,이유는,이거임
손흥민이,아시안게임,금메달,만들었는데,왜,무관
손흥민,무관,아닌데,ㅋㅋㅋ
신조어,날두,하고,싶다
날씨,안덥냐,너넹
마이클,캐릭,지금,선수로,비교하면,라키티치정도,밖에,안됨
오피셜,],메시,FIFA,커버모델,선정
머,카가와가,박지성,좋아요를,눌러
박지성,이후,최고,아시아선수는,카가와,맞지아늠
느그흥은,토트넘선수들,생파에도,없던데,ㅋㅋㅋㅋㅋ
손흥민은,커리어제외,스탯,챔스는,압도적임,ㅋㅋ
롤토체스,씨발,존나,짜증나네
버기들,즈그주인,벤치성도,지보다,손흥민이라고,인정햌,ㅅ,는데
모르지,영치금,쏴주고,편지,주고받고,할수도,있지
손뽕진자멸망,해외언론,티어라고했는대,타팬들에,손흥민,평가,ㅋㅋㅋㅋㅋㅋ
인맥,화려하네,ㅋㅋㅋㅋ,시발,ㅋㅋㅋㅋㅋㅋㅋㅋ
손흥민,결혼식,한국에서,한다고,하면,올사람은,있을까,ㅋㅋ
정준영,구치소,면회안가는건,너무,의리없는거아닌가
손세이셔널인가,화,보닌까,만나는,사람,없는거,같던데
로이킴하고도,아는,사이였네,ㅋㅋㅋ
박지성,좋아요,누른,카가와,신지
젖톡방에,정의구현,날림
손흥민,사석에서,친구만난다,병신들아
프리시즌,보니까,레알,망하겠던데
근데,야구,인기없다고,왤캐까임
근데,벤투는,똑똑한거,같네,ㅋㅋ
아니,버기는,라멜라부터,이기고와
에브라는,클라스있잖아,ㅋㅋㅋㅋ,ㅋㅋㅋㅋㅋㅋㅋ
인싸,손흥민씨의,화려한,인맥
델레알리,홈파티에,팀동료,윙크스만초대함
이강인,까는,이유는,그냥
아,두명,더있음,정준영이랑,마닷
밀란에,제,의카카라는,애,어디감
사석에서,만나는,친구,딱한명,케빈비머,ㅋㅋㅋㅋㅋㅋ
맨유지역,한정,박지성,vs,RM,인지도,대결하면
근데,굳이,손흥민한테,빅클럽,오퍼,올필요있냐
팀커리어,개인커리어,전부,박,손인데,뭘,근거로,넘었다는거냐
무관인,새끼보다,위라고,평가,못받는,새끼들은,뭐냐,ㅋㅋ
손흥민,사석에서,친구,안만남
저런짤로,딸치면,뭐하냐,오퍼가,도,없는데,ㅋㅋㅋㅋㅋ
차붐,뛰는거,본,해붕이,있냐
년만,있으면,두유노,정우영의,시대가,온다
국뽕,버기들이,두유노,지성팍,할때
맨유,밀란,경기,어디서,보냐
도안,리츠,한,순간에,잊혀졌노
정우영경기보고,감명받은,사람들,추천,눌러라
정우영,부상정도,소식,나온건,없지
버기단은,존재하지않음
피디,다큐에,토트넘선수들,대거,나올줄알고,기대했을텐데
왜,손흥민은,사석에서,친구랑,만나서,노는사진이없음
호날두,패션,레전드
먼데,지금,머봄
손흥민,특징
어쨌든,개흥민은,아시아,역대,원탑,계보에,못낌,ㅋㅋㅋ
일뽕들이,발악해도,변화지,않는,사실,ㅋㅋ
음바페,이,새끼,뭐고,ㅋㅋㅋㅋㅋ
개청용은,볼다루는게,워낙좋고,뼈다귀지만,밸런스가,존나좋았자나
정우영,별거없구만,우영맘들,치켜세우기오지네
확실히,쿠보,보다,잘하는듯
류현진,사이영,배당
근데,왜,넘어진다고,욕하냐
요즘,축구엔,역시,주력이,답이네
그냥,타박성일거같은데
진짜,아프면,아센시오처럼,대지폭행,갈겼지
정우영,부상임
칼초,번이다
젖닌들아,좆두새끼,버리고,사네를,빨자
정우영,키,아니냐
여긴,무슨,축구,분석관들만,모였나,ㅋㅋ
정우영,다리,부러짐
아니,저,번새끼,한두번이,아닌데
정우영,ㄹㅇ,손흥민보다,돌파실력딸리는듯
유벤투스의,나라,개막,앞두고,우영이,담궜노,시발
손흥민,레알에,억에팔면,가져가냐
날강두,씨발럼이네
진짜,몸으로,부딪히는거,버티는게,존나,중요한데,정우영,이강인,몸을바라
와,다행이,걸어서,나가는거,보면
ㅈ,ㅓ,씹새끼,프리시즌에,담구네
참고로,지동원,권창훈,부상으로,라운드,결장
정우영,엄살오지네,ㅋㅋ
번새끼같은데
역시,강인이는,프리시즌때도,몸을,아끼려고,백패스,ㄷㄷ
정우영,ㅈㄴ,넘어지기만,하네,ㅋㅋㅋ
지동원,권창훈,정우영,전부,부상
역시,유벤투스의,나라,ㄷㄷㄷㄷ
괜찮은거같네,ㄷㄷ,씨바,인스타주소불러,김치테러간다
씨발,정우영,까면,내가,토막살인한다고,했다
나는,종원이,말에,적극,동의한다
키,인,슈비수,전세계에,흔하지않음
걍,타박인가
정우영,근황
그냥,담궈버리네,ㄷㄷ
발목,돌아갔네,시발,프리시즌에,사람을,담구노
아앰창,좆됐네,뻐킹,좆탈리아
썅년,정우영,부상이야
좃됏노,ㄷㄷ
아씹,정규,못뛰었는데,씹담겼노,아
우영이
우영좌,부상,ㄷㄷㄷ
아,시발,프리시즌에,왤캐,거칠어
우영이,긴급히,교체싸인,ㅠㅠㅠ,사망,ㅠㅠㅠㅠㅠㅠ
여윽시,개탈리아,ㅋㅋㅋ
아니,이건,담그는거,같은데
공만,잡으면,피파울,당하네
뭐냐,ㄷㄷㄷ,부상
정우영,발목잡고,쓰러짐
드뎌,맨유,매과이어,오피셜떳다,ㅋㅋㅋ
일뽕인데,쿠보가,재능은,정말,좋긴한데,레알에서,몇분,나오고,끝
쿠보가,이강인보다,나이많냐
이새끼는,가정교육을,어떻게,받은거냐
피파,한글화인데,쿠보키우기,하면,개꿀잼일듯
호날두가,너네한테,범죄저질렀냐
개좆두,문재앙이랑,근친야동,같이,보면,대깨문들이,빨아줄듯
더페스타가,힘이있건없건,계약,이행안한,호날두책임,최소,%,아님
누구는,u,월드컵,뛸때,누구는,코파아메리카,뜀,ㅋㅋ
근데,한녀들은,아직도,개젖통빨더라,ㅋㅋㅋ
피파,선수키우기하려는데,체감오지는,선수추천좀
지난시즌,챔결,얘네였음,ㄹㅇ,대가리깨기,개꿀잼
젖닌,대깨문
이강인,독일가냐
호날두,드디어,공식사과문,게시
꽁푸엉,이적한팀에서,하는거,보니,개못하던데
근데,진짜,애는,명인데,엄마는,명인,막장집안이,있다던데
조지나는,좆두가,옆에서,강간,탈세혐의조사받고있으면,뭔,기분일까,ㅋㅋㅋ
이강인은,이미,진즉에,살떄,B,팀,주전박았는데,개졷보는
메좆은,펠레를,절대,못넘을거다
개좆두,가정교육,못받은,티가,난다
긱스님,문재앙에,대해,어떻게,생각하심
현지,토트넘팬들한테,흥민이,인기많노
혹시,호날두가,노쇼,할거,조금이라도,예측한사람,있냐
이번에,류현진,사이영상,받으면,손흥민,보다,위인거,확정이지
MBC,마리텔에서,정형돈과,현피,뜰,사람,모집
국뽕에다,메구토빠니까,그렇게,슬프고,화나는거지,병신아,ㅋㅋ
벤츠,e,클래스,vs,아우디,a
케인,은근,진지충이드라
BBC,가레스베일,맨체스터,유나이티드가,아닌,아스날,이적,년계약
호날두,집사,월급,vs,메시,집사,월급
개좆두,인성,봐라
노무현,대통령님도,어렸을때,축구,잘했을,상이냐
이강인,독일
진지하게,근친,vs,동성애
개졷보는,이강인보다,한참,떨어지는격인데,개솔,ㅋㅋㅋ
맹구들의,문제점은
호날두는,축구선수,이전에,인간으로서도,인성,ㅆㅎㅌㅊ,냐
이거,공감하지,않냐,ㅋㅋ
ps,g,슈퍼컵,약,분,남음
메시,집사,월급,vs,그냥,살기
젖닌의,하루
지금,nba,스타,내한왔는데
하파엘,다,실바,부상만,없었으면,ㄹㅇ,ㅠㅠ
개좆흥,진성,젖닌
해충들아,만주키치,전성기때도,정통,번,스타일이랑,약간,거리가,있었냐
년대,이후,맨유,우측,풀백,그나마,젤,잘한놈,누구
오늘,정우영,나옴
호바리맨,시발,ㅋㅋㅋㅋ
월드클래스,레전드
걍,버기새끼,클럽커리어다합쳐도,올한시즌손흥민,하고비슷함
속보,손흥민,VS,로즈,락커룸에서,불화
메시,코파,부패발언,징계,달라진,네티즌반응,ㅋㅋㅋ
발렌시아,이강인만,없었으면,내분도,안일어났을텐데
흔한,키,차이
년무관,쓰레기선수에,털린,트레블팀이,있다
음바페는,지금,언론에서,난리인데,산초는,왜,버로우임
시발,구걸성,남고싶다성,썰림,ㅋㅋㅋㅋㅋㅋ
이강인,이거,왜,논란,안됐냐
발렌시아,연속,챔스가,뭔,대수임,ㅋㅋ,원래,가던팀인데
EPL,에,뉴캐슬보다,못한,클럽이,있다
ㄹㅇ,나랏말싸미,존나,적폐,영화
챔스,강딱,맨시티,지출,현황
강남,부촌,역삼동,도성초,위장전입,몸살
발렌시아가,챔결,두번,연속으로,갈때,감독은
이강인,까는,애들은,걍,억까라고보면됨,ㅇㅇ
한글,스님들이,만든거라는데,세종이,최종검토하고
버기,ps,v,업적걍,개좆이구만,먼,ㅋㅋ
역대,대통령,평가
이강인,까는애들은,그거지
이런거보면,프락치,확실히,있음,ㅇㅇ
오늘의,영어문장,보고가라
담배,이틀,한갑이면,꼴초임
국뽕새끼들,가능하면,학살시켜야됨
쿠보,임대,관련,기사,퍼옴
와,념보니까,이강인,진짜,싸가지없게,느껴지는데
박지성,위닝만한다고,까더니,느그흥은,게임페인임,ㅋㅋ
우승하고싶으면,맨유가라
에릭센,토비,이적후,토트넘,스쿼드,txt
병신국뽕멸망,쿠보,레반테행,링크,가져왔다,ㅋㅋㅋㅋㅋㅋ
근데,일뽕들,은근,안깝치네
손흥민은,알리가,갖고노는,기분임,ㅇㅇ,친한게아니고
토착왜구들,근황
기사,가져왔음,ㅅㄱ,ㅋㅋㅋ
베실바,윙에서잘하냐,중미에서잘하냐
담배산다,vs,안산다
새로운,정보,좆트넘,근본,없는,이유
걍,이강인,못한다고,까는애들은,억까들임,ㅋㅋㅋ
찐텐,유망주새끼들
한국은,똥아시아중에,제일,좆밥이라
쿠보,승,ㅋㅋㅋㅋㅋ,슛맘,제발,죽어,ㅋㅋㅋㅋㅋㅋㅋㅋ
성인,프로,무대에서,공식,베스트,에,들어간,쿠보보고
ㅋㅋㅋㅋ,앰창단들,팩트념글,신고로,글내렸네
에펨,레전드로스터,개꿀잼이네,ㅋㅋ
국뽕들,홧병에,쓰러지겠노,wwwwwww
쿠보,레반테,임신,ㄷㄷ
부러우면,부럽다고,해
쿠보,기사여기있다
와,쿠보,바르샤,임대,ㄷㄷㄷ,주전보장,ㅆㅂ
젖톡방,on,개좆두,on,날강두,on
젖닌들,또,여론조작들어가냐,ㅋㅋ
메시,발롱,못,받은지도,벌써,년이나,지났네
푸시업,하루에,개,하면,어떻게,되냐
본인,카톡프사
갑자기,메좆,까는글,우수수,튀어나오고,추천,존나,박힘,ㅋㅋㅋㅋㅋㅋ
인스타,테러하면서,사과하라는,건,좀,ㅋㅋㅋㅋㅋㅋㅋㅋ
날두가,진짜,여럿,먹여,살린다,ㄷㄷ
씹강인한테,국뽕들,더이상,실망시키는짓,하지말라고,전해라
솔직히,국대무관,세얼간이빨,메좆을,어떻게,빠냐
젖닌들,단톡,존나,티나게돌리네,한꺼번에,글,올라오는거봐,ㅋㅋ
메시,아웃단방에서,더페스타까라고,지령내림
애초에,상식적으로,생각해봐라
이강인,손흥민,동나이,비교할때특
골퍼,현시점,대장
에이,~,그래서,젖닌,안할꺼야,ㅎㅎ
쿠강인,vs,이,보
호날두,메시,국대,챔스,비교
솔직히,기레기가,잘못된거임
젖닌들,여론주작,너무,티나게,하네
일주일만에,다시,젖닌강점기,ㅋㅋㅋㅋㅋ
호날두랑,같은,공간에,있었다는것만,해도,감지,덕지,아닌가
호날두는,프리시즌으로,왔을뿐인데,ㅋㅋ
손흥민,밀어주기,페널티킥,전담,날강두
한국인,특징이,이거,아님
호날두,사건,요약하면,이거지
호날두만,존나,억울하게,된거지,애미터진,허위과장광고로
개젖닌들이,떡밥에,목숨거는건,이유가있지
이강인존나,까야됨,자만해서그럼,자기,객관화가필요함
축구판도,흑인한테,먹혀가는,듯
여고딩,돌핀팬츠
더,페스타가,사기꾼이고,호날두는,그냥,억울한,거임
오피셜,],지예흐,맨시티,이적
맨유,우승
아시아인이,살까지,아무것도,없으면,그냥,끝난거임
지금,골키퍼,top,알려주셈
ㅋㅋㅋ,이강인,U,골든볼,받은지,얼마됐다고,벌써,욕쳐먹네
손흥민,해축갤,진짜,와서,눈팅,할까
손흥민,패스특징
호날두,“,한국인,무관심이,답
호날두가,안뛰었으면,갓본은,이랬을껄
근데,진짜,우리나라가,좆밥인거냐,뭐냐
해충,여론,살피면서,어,떡밥식었네,조센징,ㅋㅋㅋㅋㅋ
진짜,인간쓰레기,그자체
ㄹㅇ,인스타,테러는,그만할때,된거,같은데
잠적,후,발뺌,더페스타,호날두,출전,홍보,안,했어요
벨기에리그,신트라위던,소속,꽁프엉,시즌,주전,확정
좆강인재평가되는시점에,손흥민의,미친,근본력
호날두,한국인들,지구상에서,사라져도,영향력,없어
손흥민,더,성장해서,레알,갈,가능성,있음
이워비,무시하는,새끼들,축알못
속보,손흥민,VS,로즈,락커룸에서,불화
